{
  "modellist": {
    "location": "models/mmd/kizunaai/kizunaai.pmx",
    "line_locationx_1": -0.7262272653977077,
    "line_locationy_1": 18.010206400553386,
    "line_locationx_2": -0.2583105987310409,
    "line_locationy_2": 18.010206400553386,
    "line_locationx_3": -0.2583105987310409,
    "line_locationy_3": 18.40853973388672,
    "line_locationx_4": -0.7262272653977077,
    "line_locationy_4": 18.40853973388672,
    "RXNA": {
      "x": 8.37013669821241,
      "y": 0,
      "z": 0
    },
    "LXNA": {
      "x": 8.37013669821241,
      "y": 0,
      "z": 0
    },
    "RXPA": {
      "x": -11.692954784437434,
      "y": 0,
      "z": 0
    },
    "LXPA": {
      "x": -11.692954784437434,
      "y": 0,
      "z": 0
    },
    "RYNA": {
      "x": 0,
      "y": -13.290897517504774,
      "z": 0
    },
    "LYNA": {
      "x": 0,
      "y": 13.087205601527687,
      "z": 0
    },
    "RYPA": {
      "x": 0,
      "y": -8.6569064290261,
      "z": 0
    },
    "LYPA": {
      "x": 0,
      "y": 8.096753660089115,
      "z": 0
    }
  }
}